classification,mapped_internal_status,automation_note,id,npdes_id,source,severity,description,internal_value,external_value,internal_source_table,internal_source_id,external_source_id,detected_at,reviewed_at,updated_at,dismiss_reason,review_notes,recurrence_count
one_click_align_candidate,administratively_continued,"Confirm permit lifecycle, then set internal status to administratively_continued.",aa9b670d-02e1-4f60-8bd9-207949b19ab6,AL0062693,echo,medium,"Permit status mismatch: internal=""active"" vs ECHO=""Admin Continued""",active,Admin Continued,npdes_permits,95b21694-a93a-4ac4-9d96-445227a5347d,c9370901-74c5-44ad-b935-bab85ef45526,2026-07-02T22:25:19.29538+00:00,,2026-07-02T22:25:19.29538+00:00,,,1
one_click_align_candidate,administratively_continued,"Confirm permit lifecycle, then set internal status to administratively_continued.",1cb74e21-31ff-48aa-bdc0-adf386cc754a,AL0062693,echo,medium,"Permit status mismatch: internal=""active"" vs ECHO=""Admin Continued""",active,Admin Continued,npdes_permits,95b21694-a93a-4ac4-9d96-445227a5347d,c9370901-74c5-44ad-b935-bab85ef45526,2026-07-02T22:26:13.150073+00:00,,2026-07-02T22:26:13.150073+00:00,,,1
one_click_align_candidate,terminated,"Confirm permit lifecycle, then set internal status to terminated.",23dc05b8-671d-4128-80da-58269b3481b8,AL0072991,echo,medium,"Permit status mismatch: internal=""active"" vs ECHO=""Terminated; Compliance Tracking Off""",active,Terminated; Compliance Tracking Off,npdes_permits,13e1c5ce-e10f-4dc8-9ab8-456087bb7d54,5be1b4b4-d6de-4482-8e78-d40493c7315c,2026-07-02T22:26:29.284889+00:00,,2026-07-02T22:26:29.284889+00:00,,,1
one_click_align_candidate,terminated,"Confirm permit lifecycle, then set internal status to terminated.",60d43ecf-28f4-4507-9168-f3eec61c2a09,AL0073920,echo,medium,"Permit status mismatch: internal=""active"" vs ECHO=""Terminated; Compliance Tracking Off""",active,Terminated; Compliance Tracking Off,npdes_permits,5e3c8e82-cb01-47ca-ad84-09c8cb0355b0,2b9aa409-55a8-482d-bcbd-7ca17bae6c45,2026-07-02T22:26:34.478306+00:00,,2026-07-02T22:26:34.478306+00:00,,,1
one_click_align_candidate,terminated,"Confirm permit lifecycle, then set internal status to terminated.",2a67e30b-8b3b-474f-b957-b74175e5489a,AL0078026,echo,medium,"Permit status mismatch: internal=""active"" vs ECHO=""Terminated; Compliance Tracking Off""",active,Terminated; Compliance Tracking Off,npdes_permits,af9a0d2f-02d0-4ce2-a345-3a9b9cd8ec5f,21717d85-f0ef-4cfd-acb6-5e1143e60c50,2026-07-02T22:27:13.278243+00:00,,2026-07-02T22:27:13.278243+00:00,,,1
one_click_align_candidate,administratively_continued,"Confirm permit lifecycle, then set internal status to administratively_continued.",2d8a2d08-d7e2-41a4-b817-5aa9b24d3ea9,AL0078867,echo,medium,"Permit status mismatch: internal=""active"" vs ECHO=""Admin Continued""",active,Admin Continued,npdes_permits,25b19059-6387-4ebc-bb8d-0f0ebba5cb2b,14e540c8-c19a-4fa8-9aae-fcd5ed90ab13,2026-07-02T22:27:16.357282+00:00,,2026-07-02T22:27:16.357282+00:00,,,1
one_click_align_candidate,terminated,"Confirm permit lifecycle, then set internal status to terminated.",7a9605b0-a79c-4fb6-8aa2-a40dca8cc8fc,KYGE40958,echo,medium,"Permit status mismatch: internal=""active"" vs ECHO=""Terminated; Compliance Tracking Off""",active,Terminated; Compliance Tracking Off,npdes_permits,c7bc0ce1-86b9-434f-9294-c29612d37e4f,3d687266-5591-4ed7-ac63-56444070e001,2026-07-02T22:28:51.333347+00:00,,2026-07-02T22:28:51.333347+00:00,,,1
one_click_align_candidate,expired,"Confirm permit lifecycle, then set internal status to expired.",7cbf0b87-20d8-4de2-a0b3-e9b115b0c951,KYGE40999,echo,medium,"Permit status mismatch: internal=""active"" vs ECHO=""Expired""",active,Expired,npdes_permits,31a580ae-7b0b-4dcc-8bd0-af0597e37b89,67753d96-a70e-4911-ab77-285e1182be1a,2026-07-02T22:29:15.834543+00:00,,2026-07-02T22:29:15.834543+00:00,,,1
one_click_align_candidate,expired,"Confirm permit lifecycle, then set internal status to expired.",8707c057-6c1d-427b-8d75-0285ffade343,TN0043222,echo,medium,"Permit status mismatch: internal=""active"" vs ECHO=""Expired""",active,Expired,npdes_permits,03a1049f-07d6-4a02-a467-7f7235e1e27a,bdf583a1-d537-4632-8735-e2217b5015cd,2026-07-02T22:29:25.032316+00:00,,2026-07-02T22:29:25.032316+00:00,,,1
one_click_align_candidate,terminated,"Confirm permit lifecycle, then set internal status to terminated.",a91147fc-3c9d-485b-bcf2-d1746662ac17,TN0046647,echo,medium,"Permit status mismatch: internal=""active"" vs ECHO=""Terminated; Compliance Tracking Off""",active,Terminated; Compliance Tracking Off,npdes_permits,f6adee43-593a-4961-94f2-052dee14c1a2,fa5fa09f-76a8-40f9-843a-63c2ffd7df81,2026-07-02T22:29:28.002639+00:00,,2026-07-02T22:29:28.002639+00:00,,,1
one_click_align_candidate,expired,"Confirm permit lifecycle, then set internal status to expired.",3a87f84c-710d-418b-a877-95e555c5624f,TN0051918,echo,medium,"Permit status mismatch: internal=""active"" vs ECHO=""Expired""",active,Expired,npdes_permits,216f7e38-f412-4d44-b2a9-576248c79cb3,c9b6b6ee-fb43-43f4-b24b-ae7bd58dd229,2026-07-02T22:29:34.283595+00:00,,2026-07-02T22:29:34.283595+00:00,,,1
one_click_align_candidate,terminated,"Confirm permit lifecycle, then set internal status to terminated.",666987df-3b56-4a0a-b0f5-2b4b1dab31a6,TN0052531,echo,medium,"Permit status mismatch: internal=""active"" vs ECHO=""Terminated; Compliance Tracking Off""",active,Terminated; Compliance Tracking Off,npdes_permits,d093a2cd-c75b-4faf-b6e3-ed3c54f5a221,830be48e-e39b-4de6-8467-15693988f461,2026-07-02T22:29:37.31315+00:00,,2026-07-02T22:29:37.31315+00:00,,,1
one_click_align_candidate,terminated,"Confirm permit lifecycle, then set internal status to terminated.",4335f6ab-6d93-4c73-8b37-63e4b460be05,TN0052965,echo,medium,"Permit status mismatch: internal=""active"" vs ECHO=""Terminated; Compliance Tracking Off""",active,Terminated; Compliance Tracking Off,npdes_permits,3702a26b-279e-4a35-9fd4-1afd159cbe84,e687ceaa-f6fb-49bc-b0da-1a3774144e43,2026-07-02T22:29:40.512293+00:00,,2026-07-02T22:29:40.512293+00:00,,,1
one_click_align_candidate,terminated,"Confirm permit lifecycle, then set internal status to terminated.",03c27ce3-4da2-4241-b569-1a1e769472be,TN0063592,echo,medium,"Permit status mismatch: internal=""active"" vs ECHO=""Terminated; Compliance Tracking Off""",active,Terminated; Compliance Tracking Off,npdes_permits,9b6c8d7c-4203-4b42-9809-f8f32368b7fd,aee64465-3582-4871-9354-3b827b7fb53d,2026-07-02T22:29:43.350635+00:00,,2026-07-02T22:29:43.350635+00:00,,,1
one_click_align_candidate,terminated,"Confirm permit lifecycle, then set internal status to terminated.",42cb3ea1-2d87-46b8-a3e5-42b03fd8451f,TN0069159,echo,medium,"Permit status mismatch: internal=""active"" vs ECHO=""Terminated; Compliance Tracking Off""",active,Terminated; Compliance Tracking Off,npdes_permits,53840155-c3f0-41e4-930c-5fcfecb8c3e6,c729ed1d-efe6-4671-96e1-84c4e05ed042,2026-07-02T22:29:46.769191+00:00,,2026-07-02T22:29:46.769191+00:00,,,1
one_click_align_candidate,terminated,"Confirm permit lifecycle, then set internal status to terminated.",dc7d1cdd-b37d-48db-9212-ce2480d4fc59,TN0071307,echo,medium,"Permit status mismatch: internal=""active"" vs ECHO=""Terminated; Compliance Tracking Off""",active,Terminated; Compliance Tracking Off,npdes_permits,449e0db8-a180-4d00-ba8a-0e994b8989e7,eefe686b-9867-46d5-948c-9ec8e43b8f4d,2026-07-02T22:29:52.623385+00:00,,2026-07-02T22:29:52.623385+00:00,,,1
one_click_align_candidate,terminated,"Confirm permit lifecycle, then set internal status to terminated.",3be08121-5f96-44eb-9e69-b110697fedea,TN0071803,echo,medium,"Permit status mismatch: internal=""active"" vs ECHO=""Terminated; Compliance Tracking Off""",active,Terminated; Compliance Tracking Off,npdes_permits,9a8372e2-25e4-4438-9a18-87e6dbe907ab,37a70ea2-5d98-4bbc-8e3d-2227ee94743c,2026-07-02T22:29:55.665819+00:00,,2026-07-02T22:29:55.665819+00:00,,,1
one_click_align_candidate,expired,"Confirm permit lifecycle, then set internal status to expired.",e19d2746-b77f-44f8-b135-97ad90550992,TN0072168,echo,medium,"Permit status mismatch: internal=""active"" vs ECHO=""Expired""",active,Expired,npdes_permits,b42cd0da-2005-4031-90dd-50f9c3aa445a,02fe2028-e3ba-4fb5-b412-a2bec69ee0ee,2026-07-02T22:29:58.747832+00:00,,2026-07-02T22:29:58.747832+00:00,,,1
one_click_align_candidate,terminated,"Confirm permit lifecycle, then set internal status to terminated.",9ecc7c9d-4b6d-4605-b6af-e41fe6cd5582,TN0072419,echo,medium,"Permit status mismatch: internal=""active"" vs ECHO=""Terminated; Compliance Tracking Off""",active,Terminated; Compliance Tracking Off,npdes_permits,02ebfe69-db07-4865-9afc-a1fb6ee61a2d,3377733e-12d7-405a-b39f-f180a4cf7f24,2026-07-02T22:30:01.783308+00:00,,2026-07-02T22:30:01.783308+00:00,,,1
one_click_align_candidate,terminated,"Confirm permit lifecycle, then set internal status to terminated.",2421fb04-cc65-44a5-b16f-d4a2ac63e9e1,TN0072729,echo,medium,"Permit status mismatch: internal=""active"" vs ECHO=""Terminated; Compliance Tracking Off""",active,Terminated; Compliance Tracking Off,npdes_permits,fec657db-be4c-4b82-bec6-060b5cf32013,c0f3eae0-7e2a-4654-b723-5a869a4d29c0,2026-07-02T22:30:04.906241+00:00,,2026-07-02T22:30:04.906241+00:00,,,1
one_click_align_candidate,terminated,"Confirm permit lifecycle, then set internal status to terminated.",aaefc30b-0a10-48a4-84bf-7357ea06fa89,TN0076180,echo,medium,"Permit status mismatch: internal=""active"" vs ECHO=""Terminated; Compliance Tracking Off""",active,Terminated; Compliance Tracking Off,npdes_permits,9310a3ff-c52c-4c31-a210-2d9175419169,893567ab-cc58-4767-9388-eb2cf748bd2b,2026-07-02T22:30:07.986416+00:00,,2026-07-02T22:30:07.986416+00:00,,,1
one_click_align_candidate,terminated,"Confirm permit lifecycle, then set internal status to terminated.",e2b1a7f6-8d46-4b93-b494-76b04993a01c,TN0076368,echo,medium,"Permit status mismatch: internal=""active"" vs ECHO=""Terminated; Compliance Tracking Off""",active,Terminated; Compliance Tracking Off,npdes_permits,490eef82-a91c-413c-a023-9c98a85e50a1,b76e74bd-46ea-45c5-85e2-7932af2e384a,2026-07-02T22:30:11.106967+00:00,,2026-07-02T22:30:11.106967+00:00,,,1
one_click_align_candidate,terminated,"Confirm permit lifecycle, then set internal status to terminated.",5bd160a2-57f2-4136-b2d2-063e302b3e89,TN0079120,echo,medium,"Permit status mismatch: internal=""active"" vs ECHO=""Terminated; Compliance Tracking Off""",active,Terminated; Compliance Tracking Off,npdes_permits,7cd83daa-8c55-4272-a878-8499eac7b4b3,1cb4d487-a920-4bee-9e9b-99cf5193cba5,2026-07-02T22:30:17.127838+00:00,,2026-07-02T22:30:17.127838+00:00,,,1
one_click_align_candidate,terminated,"Confirm permit lifecycle, then set internal status to terminated.",8d543ab5-a9f3-409c-bcbe-091a6fe032ce,TN0079308,echo,medium,"Permit status mismatch: internal=""active"" vs ECHO=""Terminated; Compliance Tracking Off""",active,Terminated; Compliance Tracking Off,npdes_permits,1ab3107b-294e-49da-9276-1efda5d79e72,387b752c-905a-4690-8e32-75504ff05c82,2026-07-02T22:30:23.329372+00:00,,2026-07-02T22:30:23.329372+00:00,,,1
one_click_align_candidate,terminated,"Confirm permit lifecycle, then set internal status to terminated.",14751522-6b6f-4ad6-a4ca-f7ea4f7599f0,TN0079502,echo,medium,"Permit status mismatch: internal=""active"" vs ECHO=""Terminated; Compliance Tracking Off""",active,Terminated; Compliance Tracking Off,npdes_permits,92e86095-6cbf-43e4-bea4-dfcda2abf57d,3e73bf7e-8276-45db-b444-a99e67f3eda7,2026-07-02T22:30:26.479947+00:00,,2026-07-02T22:30:26.479947+00:00,,,1
one_click_align_candidate,terminated,"Confirm permit lifecycle, then set internal status to terminated.",53cd86c9-488c-4ab5-874e-a47242910320,TN0079529,echo,medium,"Permit status mismatch: internal=""active"" vs ECHO=""Terminated; Compliance Tracking Off""",active,Terminated; Compliance Tracking Off,npdes_permits,d3ec89ab-cc0e-4356-b557-be8717a97bbb,486cae0a-e84f-4a96-ba98-e41489d14dcb,2026-07-02T22:30:29.504566+00:00,,2026-07-02T22:30:29.504566+00:00,,,1
one_click_align_candidate,expired,"Confirm permit lifecycle, then set internal status to expired.",a1910236-5c48-47fe-a4aa-d05124d27e35,TN0079561,echo,medium,"Permit status mismatch: internal=""active"" vs ECHO=""Expired""",active,Expired,npdes_permits,2ed9e0fe-a86d-4a47-b4f4-e3c1d5d3f51e,d082675c-3afa-47fd-9a7a-29934c031e8b,2026-07-02T22:30:32.911785+00:00,,2026-07-02T22:30:32.911785+00:00,,,1
one_click_align_candidate,terminated,"Confirm permit lifecycle, then set internal status to terminated.",392aca5e-d431-4d62-b60d-7cb3c55005ec,TN0079570,echo,medium,"Permit status mismatch: internal=""active"" vs ECHO=""Terminated; Compliance Tracking Off""",active,Terminated; Compliance Tracking Off,npdes_permits,6f331753-15dd-4db0-8ee0-e44eaf335672,2894bf40-181c-4a6f-9865-3305651044da,2026-07-02T22:30:35.66496+00:00,,2026-07-02T22:30:35.66496+00:00,,,1
one_click_align_candidate,terminated,"Confirm permit lifecycle, then set internal status to terminated.",275ea9a7-c410-4e4c-a729-a6eb4b279cc2,VA0082058,echo,medium,"Permit status mismatch: internal=""active"" vs ECHO=""Terminated; Compliance Tracking Off""",active,Terminated; Compliance Tracking Off,npdes_permits,516e37fb-29ba-4f20-906a-f87774abc195,845aa224-2eeb-4644-af98-9efacf9a8e30,2026-07-02T22:31:09.393098+00:00,,2026-07-02T22:31:09.393098+00:00,,,1
one_click_align_candidate,administratively_continued,"Confirm permit lifecycle, then set internal status to administratively_continued.",769276b1-846a-4f92-bf06-88de3ddb1762,WV1021061,echo,medium,"Permit status mismatch: internal=""active"" vs ECHO=""Admin Continued""",active,Admin Continued,npdes_permits,d8e61c37-aba9-40fc-b757-b5d7b72bc4dc,244d0d34-d6b3-46dc-8387-5a2e0bb2f586,2026-07-02T22:33:09.405223+00:00,,2026-07-02T22:33:09.405223+00:00,,,1
one_click_align_candidate,expired,"Confirm permit lifecycle, then set internal status to expired.",77fe7390-46e9-4784-a7d3-50e2e6a0620c,WV1021117,echo,medium,"Permit status mismatch: internal=""active"" vs ECHO=""Expired""",active,Expired,npdes_permits,6221885d-9003-4101-804b-243093c70a84,8802b7c3-c2f2-482e-9ae1-b2b43c597a58,2026-07-02T22:33:19.728209+00:00,,2026-07-02T22:33:19.728209+00:00,,,1
one_click_align_candidate,expired,"Confirm permit lifecycle, then set internal status to expired.",1cb4da6b-f873-43cb-a790-81a1b69984d4,WV1024361,echo,medium,"Permit status mismatch: internal=""active"" vs ECHO=""Expired; Compliance Tracking Off""",active,Expired; Compliance Tracking Off,npdes_permits,2600fe29-4622-4ea9-801a-f703fa750a6e,73a57c03-1587-455d-b401-b5bb194db4a5,2026-07-02T22:34:04.154366+00:00,,2026-07-02T22:34:04.154366+00:00,,,1
one_click_align_candidate,administratively_continued,"Confirm permit lifecycle, then set internal status to administratively_continued.",bef108a2-7f75-4f00-94ae-31cc1befa2a9,WV1025911,echo,medium,"Permit status mismatch: internal=""active"" vs ECHO=""Admin Continued""",active,Admin Continued,npdes_permits,400bb05a-7039-4a13-a48f-bb0407f7b026,08e29fe4-a5ac-42ea-96d2-380de252296b,2026-07-02T22:34:10.381015+00:00,,2026-07-02T22:34:10.381015+00:00,,,1
one_click_align_candidate,administratively_continued,"Confirm permit lifecycle, then set internal status to administratively_continued.",b0a6a529-abf5-4b39-b72b-e9fba2dc532d,WV1027891,echo,medium,"Permit status mismatch: internal=""active"" vs ECHO=""Admin Continued""",active,Admin Continued,npdes_permits,87672840-4b20-4199-9434-0beab476246c,35019ab5-fe98-46de-a3de-1508aa373fb9,2026-07-02T22:34:28.942449+00:00,,2026-07-02T22:34:28.942449+00:00,,,1
one_click_align_candidate,expired,"Confirm permit lifecycle, then set internal status to expired.",43e57ef4-eb2a-489b-b66c-ddabb0810229,WV1027913,echo,medium,"Permit status mismatch: internal=""active"" vs ECHO=""Expired""",active,Expired,npdes_permits,81d4a936-435a-4ca8-a4ef-71303d260e4c,de280728-e5b8-407e-9e0e-3c8aeb27fd98,2026-07-02T22:34:31.780787+00:00,,2026-07-02T22:34:31.780787+00:00,,,1
one_click_align_candidate,expired,"Confirm permit lifecycle, then set internal status to expired.",5035a09c-4488-4396-b171-badfa8f93b1b,KYGE40840,echo,critical,"Permit status mismatch: internal=""active"" vs ECHO=""Expired""",active,Expired,npdes_permits,6a27d6ac-3af7-4901-b510-50987f6d56cb,d7e318ea-7c69-4af1-912f-c4900ba66563,2026-07-02T22:28:23.085228+00:00,,2026-07-02T22:28:23.085228+00:00,,,1
one_click_align_candidate,expired,"Confirm permit lifecycle, then set internal status to expired.",3c541da4-6846-410e-995d-c1b6d3629add,KYGE40869,echo,critical,"Permit status mismatch: internal=""active"" vs ECHO=""Expired""",active,Expired,npdes_permits,93e03251-017d-4c14-81cc-e1374ccd718c,f076925b-8444-42d8-a388-b93d8e8e7267,2026-07-02T01:59:46.928228+00:00,,2026-07-02T01:59:46.928228+00:00,,,1
one_click_align_candidate,expired,"Confirm permit lifecycle, then set internal status to expired.",d18f4b74-15ae-4f1f-b761-e08bf3b8a8c9,KYGE40869,echo,critical,"Permit status mismatch: internal=""active"" vs ECHO=""Expired""",active,Expired,npdes_permits,93e03251-017d-4c14-81cc-e1374ccd718c,f076925b-8444-42d8-a388-b93d8e8e7267,2026-07-03T03:21:29.633185+00:00,,2026-07-03T03:21:29.633185+00:00,,,1
one_click_align_candidate,expired,"Confirm permit lifecycle, then set internal status to expired.",0869873c-ff4f-4446-984e-5b38d2bc124b,KYGE40869,echo,critical,"Permit status mismatch: internal=""active"" vs ECHO=""Expired""",active,Expired,npdes_permits,93e03251-017d-4c14-81cc-e1374ccd718c,f076925b-8444-42d8-a388-b93d8e8e7267,2026-07-02T22:28:27.008173+00:00,,2026-07-02T22:28:27.008173+00:00,,,1
one_click_align_candidate,expired,"Confirm permit lifecycle, then set internal status to expired.",ed8a5828-70dd-490b-ad45-464f45b0260a,KYGE40869,echo,critical,"Permit status mismatch: internal=""active"" vs ECHO=""Expired""",active,Expired,npdes_permits,93e03251-017d-4c14-81cc-e1374ccd718c,f076925b-8444-42d8-a388-b93d8e8e7267,2026-07-03T14:34:03.835768+00:00,,2026-07-03T14:34:03.835768+00:00,,,1
one_click_align_candidate,expired,"Confirm permit lifecycle, then set internal status to expired.",72c65fc0-bb98-45ad-9c9b-d62dcf31a145,TN0076376,echo,critical,"Permit status mismatch: internal=""active"" vs ECHO=""Expired""",active,Expired,npdes_permits,9cc18098-6c93-4a37-b9e4-4605e20e4480,e64eb4e7-63c3-4929-8509-880a9d7b1f09,2026-07-02T22:30:14.200121+00:00,,2026-07-02T22:30:14.200121+00:00,,,1
one_click_align_candidate,expired,"Confirm permit lifecycle, then set internal status to expired.",b76f7921-6a1b-4f33-b523-ecc152224371,WV0052531,echo,critical,"Permit status mismatch: internal=""active"" vs ECHO=""Expired""",active,Expired,npdes_permits,49943a81-6569-4d07-956a-b8644d27f659,e0c82600-16d3-4036-8de3-3180a4199efc,2026-07-02T22:31:12.570622+00:00,,2026-07-02T22:31:12.570622+00:00,,,1
one_click_align_candidate,expired,"Confirm permit lifecycle, then set internal status to expired.",140916f8-1452-4e78-ba54-068c31d1960e,WV0090000,echo,critical,"Permit status mismatch: internal=""active"" vs ECHO=""Expired""",active,Expired,npdes_permits,ae64b8c0-998a-475f-875e-c6a381bbee49,1fd60c31-2554-4e43-abb6-0c586f016d93,2026-07-02T22:31:24.711762+00:00,,2026-07-02T22:31:24.711762+00:00,,,1
one_click_align_candidate,administratively_continued,"Confirm permit lifecycle, then set internal status to administratively_continued.",8f6741fc-b250-423e-9b7e-938af2893da0,WV0091952,echo,critical,"Permit status mismatch: internal=""active"" vs ECHO=""Admin Continued""",active,Admin Continued,npdes_permits,8b44fea6-a8ce-41e3-92d9-a1a30dc7fc57,9f1d9729-9713-4a6c-a0d4-071addb5cbb2,2026-07-02T22:31:27.917844+00:00,,2026-07-02T22:31:27.917844+00:00,,,1
one_click_align_candidate,administratively_continued,"Confirm permit lifecycle, then set internal status to administratively_continued.",28ce1f1d-ea95-4ff9-98cf-650f0428fb98,WV0091952,echo,critical,"Permit status mismatch: internal=""active"" vs ECHO=""Admin Continued""",active,Admin Continued,npdes_permits,8b44fea6-a8ce-41e3-92d9-a1a30dc7fc57,9f1d9729-9713-4a6c-a0d4-071addb5cbb2,2026-07-03T17:23:07.391681+00:00,,2026-07-03T17:23:07.391681+00:00,,,1
one_click_align_candidate,expired,"Confirm permit lifecycle, then set internal status to expired.",bc2cf994-0047-4745-9006-626869a66a36,WV0097446,echo,critical,"Permit status mismatch: internal=""active"" vs ECHO=""Expired""",active,Expired,npdes_permits,35823306-fc12-4807-8f37-607b8c8cdc76,d9e2a948-dd69-46f9-b287-aea2a8b15de3,2026-07-02T22:31:31.177718+00:00,,2026-07-02T22:31:31.177718+00:00,,,1
one_click_align_candidate,administratively_continued,"Confirm permit lifecycle, then set internal status to administratively_continued.",c09232e4-e654-49bf-8d2b-130a2cc18e22,WV1005481,echo,critical,"Permit status mismatch: internal=""active"" vs ECHO=""Admin Continued""",active,Admin Continued,npdes_permits,ee2c2fbd-a847-4586-b51e-3f891d36ea9b,32148ac5-d1a1-46e9-a496-b1d58da8d06b,2026-07-02T22:31:34.325224+00:00,,2026-07-02T22:31:34.325224+00:00,,,1
one_click_align_candidate,administratively_continued,"Confirm permit lifecycle, then set internal status to administratively_continued.",6667fbf7-7c71-420f-b7cf-a225e526ce7a,WV1005944,echo,critical,"Permit status mismatch: internal=""active"" vs ECHO=""Admin Continued""",active,Admin Continued,npdes_permits,f38902a4-4317-4070-967d-9737d93df16f,78bdb02e-7836-486b-a374-eb395814f36e,2026-07-02T22:31:40.163859+00:00,,2026-07-02T22:31:40.163859+00:00,,,1
one_click_align_candidate,expired,"Confirm permit lifecycle, then set internal status to expired.",52810186-9094-4c6f-a7d5-95535441c521,WV1005995,echo,critical,"Permit status mismatch: internal=""active"" vs ECHO=""Expired""",active,Expired,npdes_permits,dd82e4bc-0c2d-4d70-a8d1-49394ce8b1f8,2f6e742a-cfba-4fe8-bc08-ce95ff7497b8,2026-07-02T22:31:52.500958+00:00,,2026-07-02T22:31:52.500958+00:00,,,1
one_click_align_candidate,expired,"Confirm permit lifecycle, then set internal status to expired.",de54682b-a11d-4732-b38d-490f386fd1ec,WV1006304,echo,critical,"Permit status mismatch: internal=""active"" vs ECHO=""Expired""",active,Expired,npdes_permits,3fe7b8b3-33e7-4c17-a2ce-cb9913aef000,64769ba0-cfc2-4a25-a028-d6735bab0256,2026-07-03T15:08:02.184235+00:00,,2026-07-03T15:08:02.184235+00:00,,,1
one_click_align_candidate,expired,"Confirm permit lifecycle, then set internal status to expired.",fe175850-cdae-4e36-bf34-23da0fd3029b,WV1006304,echo,critical,"Permit status mismatch: internal=""active"" vs ECHO=""Expired""",active,Expired,npdes_permits,3fe7b8b3-33e7-4c17-a2ce-cb9913aef000,64769ba0-cfc2-4a25-a028-d6735bab0256,2026-07-02T22:31:59.64002+00:00,,2026-07-02T22:31:59.64002+00:00,,,1
one_click_align_candidate,expired,"Confirm permit lifecycle, then set internal status to expired.",af879c75-3b3a-4e2c-aa8a-29be5046dc7b,WV1008803,echo,critical,"Permit status mismatch: internal=""active"" vs ECHO=""Expired""",active,Expired,npdes_permits,b54ae16c-8c1d-485f-868a-1cfae4b2489a,7a40ce74-7ec7-445e-a458-c1fcc450dceb,2026-07-02T22:32:16.811472+00:00,,2026-07-02T22:32:16.811472+00:00,,,1
one_click_align_candidate,expired,"Confirm permit lifecycle, then set internal status to expired.",a3107867-bfdc-41e1-82bf-6073722cf31c,WV1012045,echo,critical,"Permit status mismatch: internal=""active"" vs ECHO=""Expired""",active,Expired,npdes_permits,630d512f-2237-48d2-91b0-f60e52b2ad7d,8cebe206-f231-4699-bb11-21a1ac5f1a79,2026-07-02T22:32:22.816804+00:00,,2026-07-02T22:32:22.816804+00:00,,,1
one_click_align_candidate,expired,"Confirm permit lifecycle, then set internal status to expired.",72fa1ac1-3ed0-477c-829c-7f9bf5561975,WV1012312,echo,critical,"Permit status mismatch: internal=""active"" vs ECHO=""Expired""",active,Expired,npdes_permits,c7de7168-29b6-4fda-99da-125e56755d06,5304051e-7333-4bc5-8d02-071493868643,2026-07-02T22:32:29.543521+00:00,,2026-07-02T22:32:29.543521+00:00,,,1
one_click_align_candidate,expired,"Confirm permit lifecycle, then set internal status to expired.",728a61ac-e6f7-4591-809f-ea9274609eb4,WV1015389,echo,critical,"Permit status mismatch: internal=""active"" vs ECHO=""Expired""",active,Expired,npdes_permits,be8c6e2a-098c-4634-a656-2bd66f688852,95e6fa0f-29c7-4000-98f6-593d177785ab,2026-07-02T22:32:31.966778+00:00,,2026-07-02T22:32:31.966778+00:00,,,1
one_click_align_candidate,expired,"Confirm permit lifecycle, then set internal status to expired.",69e8b4d4-0c3a-4ba8-90a0-2a59f3b32ef4,WV1018701,echo,critical,"Permit status mismatch: internal=""active"" vs ECHO=""Expired""",active,Expired,npdes_permits,614548ae-65dd-4403-bf0e-910b27d2244b,72dd6546-a6ed-436a-a66b-fc841066850a,2026-07-02T22:32:44.6333+00:00,,2026-07-02T22:32:44.6333+00:00,,,1
one_click_align_candidate,expired,"Confirm permit lifecycle, then set internal status to expired.",5d82a45a-1d48-460b-92a9-0b487d3b6fd1,WV1018752,echo,critical,"Permit status mismatch: internal=""active"" vs ECHO=""Expired""",active,Expired,npdes_permits,1fa6ac0d-a7aa-49f2-869b-0255bd521250,61f0af21-138c-43ad-9419-539a7cc1b886,2026-07-02T22:32:50.613143+00:00,,2026-07-02T22:32:50.613143+00:00,,,1
one_click_align_candidate,expired,"Confirm permit lifecycle, then set internal status to expired.",39176923-5903-4e80-8610-3859c42e9009,WV1018779,echo,critical,"Permit status mismatch: internal=""active"" vs ECHO=""Expired""",active,Expired,npdes_permits,3cd2ed00-839c-425a-8734-83a867b62cb2,b0540714-e491-4653-b996-c229b562e5e7,2026-07-03T15:03:03.699606+00:00,,2026-07-03T15:03:03.699606+00:00,,,1
one_click_align_candidate,expired,"Confirm permit lifecycle, then set internal status to expired.",ee35aa5f-6275-4d38-a2cb-165490295ad1,WV1018779,echo,critical,"Permit status mismatch: internal=""active"" vs ECHO=""Expired""",active,Expired,npdes_permits,3cd2ed00-839c-425a-8734-83a867b62cb2,b0540714-e491-4653-b996-c229b562e5e7,2026-07-02T22:32:54.482179+00:00,,2026-07-02T22:32:54.482179+00:00,,,1
one_click_align_candidate,expired,"Confirm permit lifecycle, then set internal status to expired.",4efbbb9c-6616-4220-a8ef-67aee1df2d8b,WV1018809,echo,critical,"Permit status mismatch: internal=""active"" vs ECHO=""Expired""",active,Expired,npdes_permits,118d0779-7575-468a-83eb-24f6a4904b3b,81053f83-e410-42b7-92fa-2701a5b35ec0,2026-07-02T22:32:56.890561+00:00,,2026-07-02T22:32:56.890561+00:00,,,1
one_click_align_candidate,expired,"Confirm permit lifecycle, then set internal status to expired.",0fea9514-5693-44cd-ab4a-bb5b70320471,WV1018833,echo,critical,"Permit status mismatch: internal=""active"" vs ECHO=""Expired""",active,Expired,npdes_permits,dfb464ce-7f04-4cf5-961f-09919201f017,2221c026-4d46-4171-b725-02228ab1e13f,2026-07-02T22:32:59.889448+00:00,,2026-07-02T22:32:59.889448+00:00,,,1
one_click_align_candidate,administratively_continued,"Confirm permit lifecycle, then set internal status to administratively_continued.",4442e603-5b7e-4a33-a227-16520dbc1b86,WV1018965,echo,critical,"Permit status mismatch: internal=""active"" vs ECHO=""Admin Continued""",active,Admin Continued,npdes_permits,f34ee94e-c0b4-451d-924c-2c8f99461860,11e6db08-035f-4bed-b3c3-5fb77c725f67,2026-07-02T22:33:04.730119+00:00,,2026-07-02T22:33:04.730119+00:00,,,1
one_click_align_candidate,administratively_continued,"Confirm permit lifecycle, then set internal status to administratively_continued.",c74937dd-c226-4f93-85d5-05639e53da6a,WV1018965,echo,critical,"Permit status mismatch: internal=""active"" vs ECHO=""Admin Continued""",active,Admin Continued,npdes_permits,f34ee94e-c0b4-451d-924c-2c8f99461860,11e6db08-035f-4bed-b3c3-5fb77c725f67,2026-07-03T03:23:51.270187+00:00,,2026-07-03T03:23:51.270187+00:00,,,1
one_click_align_candidate,administratively_continued,"Confirm permit lifecycle, then set internal status to administratively_continued.",79e9689e-96f1-4c86-9b21-3be9df6e2162,WV1021079,echo,critical,"Permit status mismatch: internal=""active"" vs ECHO=""Admin Continued""",active,Admin Continued,npdes_permits,99a73681-e683-41e1-801e-d8d60d423ae7,e888f09e-9482-43b9-b6a6-b7e068732dea,2026-07-03T03:26:00.280146+00:00,,2026-07-03T03:26:00.280146+00:00,,,1
one_click_align_candidate,administratively_continued,"Confirm permit lifecycle, then set internal status to administratively_continued.",869e563b-d0bb-4d2a-bb35-71bdf3256645,WV1021079,echo,critical,"Permit status mismatch: internal=""active"" vs ECHO=""Admin Continued""",active,Admin Continued,npdes_permits,99a73681-e683-41e1-801e-d8d60d423ae7,e888f09e-9482-43b9-b6a6-b7e068732dea,2026-07-02T22:33:14.296155+00:00,,2026-07-02T22:33:14.296155+00:00,,,1
one_click_align_candidate,administratively_continued,"Confirm permit lifecycle, then set internal status to administratively_continued.",c83adb07-98dc-42e9-a749-e7da2e127e40,WV1021095,echo,critical,"Permit status mismatch: internal=""active"" vs ECHO=""Admin Continued""",active,Admin Continued,npdes_permits,a1f7ccda-98ce-40d5-b82f-f71fbc2f7476,e1962569-8fec-4ae7-8abf-7a9fb83f6d61,2026-07-02T22:33:17.50587+00:00,,2026-07-02T22:33:17.50587+00:00,,,1
one_click_align_candidate,administratively_continued,"Confirm permit lifecycle, then set internal status to administratively_continued.",b9e61634-aed2-4609-a121-57ae622b3a6c,WV1021249,echo,critical,"Permit status mismatch: internal=""active"" vs ECHO=""Admin Continued""",active,Admin Continued,npdes_permits,6322083a-b194-4482-b1e0-c1231cf23cf7,7b37c61f-714d-448c-807d-6b55000ecdfd,2026-07-03T17:25:13.924411+00:00,,2026-07-03T17:25:13.924411+00:00,,,1
one_click_align_candidate,administratively_continued,"Confirm permit lifecycle, then set internal status to administratively_continued.",c58c7a63-2667-49ec-bbec-8644a25f214a,WV1021249,echo,critical,"Permit status mismatch: internal=""active"" vs ECHO=""Admin Continued""",active,Admin Continued,npdes_permits,6322083a-b194-4482-b1e0-c1231cf23cf7,7b37c61f-714d-448c-807d-6b55000ecdfd,2026-07-02T22:33:22.617456+00:00,,2026-07-02T22:33:22.617456+00:00,,,1
one_click_align_candidate,expired,"Confirm permit lifecycle, then set internal status to expired.",c5f99387-337a-4b28-9cfd-55500c7cdda9,WV1021281,echo,critical,"Permit status mismatch: internal=""active"" vs ECHO=""Expired""",active,Expired,npdes_permits,d13d47a6-aa18-48da-974d-d3547ad2e44f,0923fc6b-4c32-44f4-b044-9e83dea54436,2026-07-02T22:33:24.622882+00:00,,2026-07-02T22:33:24.622882+00:00,,,1
one_click_align_candidate,administratively_continued,"Confirm permit lifecycle, then set internal status to administratively_continued.",6c35a11d-06f1-45d4-b72a-7185eb70d203,WV1021338,echo,critical,"Permit status mismatch: internal=""active"" vs ECHO=""Admin Continued""",active,Admin Continued,npdes_permits,26b54a2d-936e-46d8-9747-60b9e02ce3cc,176feb61-bdf6-4a85-a061-f89a3c6f8432,2026-07-02T22:33:28.203026+00:00,,2026-07-02T22:33:28.203026+00:00,,,1
one_click_align_candidate,administratively_continued,"Confirm permit lifecycle, then set internal status to administratively_continued.",f77a0a55-f848-4690-aad2-fe865558efb7,WV1021338,echo,critical,"Permit status mismatch: internal=""active"" vs ECHO=""Admin Continued""",active,Admin Continued,npdes_permits,26b54a2d-936e-46d8-9747-60b9e02ce3cc,176feb61-bdf6-4a85-a061-f89a3c6f8432,2026-07-03T14:36:41.6024+00:00,,2026-07-03T14:36:41.6024+00:00,,,1
one_click_align_candidate,expired,"Confirm permit lifecycle, then set internal status to expired.",4c4efd38-83c4-453b-9fed-2620ceb2cc26,WV1023781,echo,critical,"Permit status mismatch: internal=""active"" vs ECHO=""Expired""",active,Expired,npdes_permits,6c28c9ff-53cf-469d-b201-8edeef917603,9ffc1a49-230b-470d-8a42-4b0124ce8604,2026-07-02T22:33:39.835003+00:00,,2026-07-02T22:33:39.835003+00:00,,,1
one_click_align_candidate,expired,"Confirm permit lifecycle, then set internal status to expired.",66e92bd3-f77b-4b6f-8c46-9acc473bd07a,WV1024124,echo,critical,"Permit status mismatch: internal=""active"" vs ECHO=""Expired""",active,Expired,npdes_permits,7e3e5d6b-efdf-47af-99b6-6f5e5624362c,a471d3a9-2f90-496a-ae1a-85eec6ff9253,2026-07-02T22:33:48.977472+00:00,,2026-07-02T22:33:48.977472+00:00,,,1
one_click_align_candidate,expired,"Confirm permit lifecycle, then set internal status to expired.",4bea37c1-99bd-4633-9329-11a42cd201e9,WV1024132,echo,critical,"Permit status mismatch: internal=""active"" vs ECHO=""Expired""",active,Expired,npdes_permits,0b94e935-0409-4222-abc9-7a06c6036303,eb3ea94e-dfd3-4e1c-82b4-a60bb56c314e,2026-07-03T17:24:10.407494+00:00,,2026-07-03T17:24:10.407494+00:00,,,1
one_click_align_candidate,expired,"Confirm permit lifecycle, then set internal status to expired.",82905820-7505-4f8e-8224-c65649b78879,WV1024132,echo,critical,"Permit status mismatch: internal=""active"" vs ECHO=""Expired""",active,Expired,npdes_permits,0b94e935-0409-4222-abc9-7a06c6036303,eb3ea94e-dfd3-4e1c-82b4-a60bb56c314e,2026-07-02T22:33:52.020272+00:00,,2026-07-02T22:33:52.020272+00:00,,,1
one_click_align_candidate,expired,"Confirm permit lifecycle, then set internal status to expired.",e2613fc1-9701-4936-980a-dcf74b0341b2,WV1024159,echo,critical,"Permit status mismatch: internal=""active"" vs ECHO=""Expired""",active,Expired,npdes_permits,bcd706ce-402d-431b-b59b-a05b0a1090bc,aaab4a0b-2b57-41c8-b7a9-5538314ddca5,2026-07-02T22:33:55.16207+00:00,,2026-07-02T22:33:55.16207+00:00,,,1
one_click_align_candidate,expired,"Confirm permit lifecycle, then set internal status to expired.",8d82b833-a934-41bc-b70d-8e16aa3b1c3d,WV1024442,echo,critical,"Permit status mismatch: internal=""active"" vs ECHO=""Expired""",active,Expired,npdes_permits,5223ea59-396f-4cb3-93b4-a20eac17d2c7,97c3c319-d81f-424f-8175-29f2320a686f,2026-07-02T22:34:07.566518+00:00,,2026-07-02T22:34:07.566518+00:00,,,1
one_click_align_candidate,expired,"Confirm permit lifecycle, then set internal status to expired.",da308a7e-7735-4179-b703-337da4b232da,WV1025929,echo,critical,"Permit status mismatch: internal=""active"" vs ECHO=""Expired""",active,Expired,npdes_permits,907ca6fb-c475-454c-aa07-3bdd30241c30,f933deb0-223a-460d-9512-a9c4c1e774a3,2026-07-03T17:22:04.114199+00:00,,2026-07-03T17:22:04.114199+00:00,,,1
one_click_align_candidate,expired,"Confirm permit lifecycle, then set internal status to expired.",683e8ce6-f4ed-4ff3-b409-0aefdd332122,WV1025929,echo,critical,"Permit status mismatch: internal=""active"" vs ECHO=""Expired""",active,Expired,npdes_permits,907ca6fb-c475-454c-aa07-3bdd30241c30,f933deb0-223a-460d-9512-a9c4c1e774a3,2026-07-02T22:34:13.937099+00:00,,2026-07-02T22:34:13.937099+00:00,,,1
one_click_align_candidate,expired,"Confirm permit lifecycle, then set internal status to expired.",992e5bef-8dd8-40d7-b6f0-242ee6878a5f,WV1026003,echo,critical,"Permit status mismatch: internal=""active"" vs ECHO=""Expired""",active,Expired,npdes_permits,347ea8d0-9841-48e2-929c-cbd2e504575d,93f14a9c-04c2-4c71-9e6c-0f35b8b102cd,2026-07-02T22:34:16.616721+00:00,,2026-07-02T22:34:16.616721+00:00,,,1
one_click_align_candidate,expired,"Confirm permit lifecycle, then set internal status to expired.",dc8ec259-8d5c-4528-a771-306bafca2c32,WV1026488,echo,critical,"Permit status mismatch: internal=""active"" vs ECHO=""Expired""",active,Expired,npdes_permits,bba5441b-2a95-4925-89b4-2881df7dbc45,8e3015ef-efa1-4606-9b6b-1cd4fd1b20b9,2026-07-02T22:34:21.783298+00:00,,2026-07-02T22:34:21.783298+00:00,,,1
one_click_align_candidate,expired,"Confirm permit lifecycle, then set internal status to expired.",36eb40a9-0b72-40c4-8778-ec434c69d029,WV1026488,echo,critical,"Permit status mismatch: internal=""active"" vs ECHO=""Expired""",active,Expired,npdes_permits,bba5441b-2a95-4925-89b4-2881df7dbc45,8e3015ef-efa1-4606-9b6b-1cd4fd1b20b9,2026-07-03T03:28:15.760399+00:00,,2026-07-03T03:28:15.760399+00:00,,,1